<?xml version="1.0" encoding="UTF-8"?>
<project-private xmlns="http://www.netbeans.org/ns/project-private/1">
    <editor-bookmarks xmlns="http://www.netbeans.org/ns/editor-bookmarks/2" lastBookmarkId="0"/>
    <open-files xmlns="http://www.netbeans.org/ns/projectui-open-files/2">
        <group>
            <file>file:/D:/Kevin/project/Loan-Approval/src/com/raven/chart/LegendItem.java</file>
            <file>file:/D:/Kevin/project/Loan-Approval/src/com/raven/form/Data_Form.java</file>
            <file>file:/D:/Kevin/project/Loan-Approval/src/com/raven/menu/Menu.java</file>
            <file>file:/D:/Kevin/project/Loan-Approval/src/com/raven/main/Main.java</file>
            <file>file:/D:/Kevin/project/Loan-Approval/src/com/raven/chart/ModelChart.java</file>
            <file>file:/D:/Kevin/project/Loan-Approval/src/com/raven/chart/blankchart/BlankPlotChatRender.java</file>
            <file>file:/D:/Kevin/project/Loan-Approval/src/com/raven/chart/blankchart/BlankPlotChart.java</file>
            <file>file:/D:/Kevin/project/Loan-Approval/src/com/raven/chart/Chart.java</file>
        </group>
    </open-files>
</project-private>
